<?xml version="1.0" encoding="UTF-8"?>
<export version="D">
  <design>
    <source>C:\Users\dirkv\OneDrive\Documenten\projecten\DIY_Blackpill\DIY_Blackpill.sch</source>
    <date>4-2-2021 17:51:17</date>
    <tool>Eeschema (5.1.6)-1</tool>
    <sheet number="1" name="/" tstamps="/">
      <title_block>
        <title/>
        <company/>
        <rev/>
        <date/>
        <source>DIY_Blackpill.sch</source>
        <comment number="1" value=""/>
        <comment number="2" value=""/>
        <comment number="3" value=""/>
        <comment number="4" value=""/>
      </title_block>
    </sheet>
  </design>
  <components>
    <comp ref="U1">
      <value>STM32F103C8Tx</value>
      <footprint>Package_QFP:LQFP-48_7x7mm_P0.5mm</footprint>
      <datasheet>http://www.st.com/st-web-ui/static/active/en/resource/technical/document/datasheet/CD00161566.pdf</datasheet>
      <libsource lib="MCU_ST_STM32F1" part="STM32F103C8Tx" description="ARM Cortex-M3 MCU, 64KB flash, 20KB RAM, 72MHz, 2-3.6V, 37 GPIO, LQFP-48"/>
      <sheetpath names="/" tstamps="/"/>
      <tstamp>60006910</tstamp>
    </comp>
    <comp ref="J5">
      <value>Conn_01x04_Male</value>
      <footprint>Connector_PinHeader_2.54mm:PinHeader_1x04_P2.54mm_Vertical</footprint>
      <datasheet>~</datasheet>
      <libsource lib="Connector" part="Conn_01x04_Male" description="Generic connector, single row, 01x04, script generated (kicad-library-utils/schlib/autogen/connector/)"/>
      <sheetpath names="/" tstamps="/"/>
      <tstamp>601C8211</tstamp>
    </comp>
    <comp ref="J3">
      <value>USB_B_Micro</value>
      <footprint>Connector_USB:USB_Micro-B_Wuerth_629105150521</footprint>
      <datasheet>~</datasheet>
      <libsource lib="Connector" part="USB_B_Micro" description="USB Micro Type B connector"/>
      <sheetpath names="/" tstamps="/"/>
      <tstamp>601CEB26</tstamp>
    </comp>
    <comp ref="U3">
      <value>TLV70033_SOT353</value>
      <footprint>Package_TO_SOT_SMD:SOT-353_SC-70-5_Handsoldering</footprint>
      <datasheet>http://www.ti.com/lit/ds/symlink/tlv700.pdf</datasheet>
      <libsource lib="Regulator_Linear" part="TLV70033_SOT353" description="200mA Low Dropout Voltage Regulator, Fixed Output 3.3V, SC70-5"/>
      <sheetpath names="/" tstamps="/"/>
      <tstamp>601DA2FD</tstamp>
    </comp>
    <comp ref="C13">
      <value>1uF</value>
      <footprint>Capacitor_SMD:C_0805_2012Metric_Pad1.15x1.40mm_HandSolder</footprint>
      <datasheet>~</datasheet>
      <libsource lib="Device" part="C_Small" description="Unpolarized capacitor, small symbol"/>
      <sheetpath names="/" tstamps="/"/>
      <tstamp>601DE34D</tstamp>
    </comp>
    <comp ref="C16">
      <value>1uF</value>
      <footprint>Capacitor_SMD:C_0805_2012Metric_Pad1.15x1.40mm_HandSolder</footprint>
      <datasheet>~</datasheet>
      <libsource lib="Device" part="C_Small" description="Unpolarized capacitor, small symbol"/>
      <sheetpath names="/" tstamps="/"/>
      <tstamp>601DEE5F</tstamp>
    </comp>
    <comp ref="U2">
      <value>FT230XS</value>
      <footprint>Package_SO:SSOP-16_3.9x4.9mm_P0.635mm</footprint>
      <datasheet>https://www.ftdichip.com/Support/Documents/DataSheets/ICs/DS_FT230X.pdf</datasheet>
      <libsource lib="Interface_USB" part="FT230XS" description="Full Speed USB to Basic UART, SSOP-16"/>
      <sheetpath names="/" tstamps="/"/>
      <tstamp>601E9BCC</tstamp>
    </comp>
    <comp ref="C9">
      <value>100nF</value>
      <footprint>Capacitor_SMD:C_0805_2012Metric_Pad1.15x1.40mm_HandSolder</footprint>
      <datasheet>~</datasheet>
      <libsource lib="Device" part="C_Small" description="Unpolarized capacitor, small symbol"/>
      <sheetpath names="/" tstamps="/"/>
      <tstamp>601ECDA2</tstamp>
    </comp>
    <comp ref="C3">
      <value>47pF</value>
      <footprint>Capacitor_SMD:C_0805_2012Metric_Pad1.15x1.40mm_HandSolder</footprint>
      <datasheet>~</datasheet>
      <libsource lib="Device" part="C_Small" description="Unpolarized capacitor, small symbol"/>
      <sheetpath names="/" tstamps="/"/>
      <tstamp>601F91D3</tstamp>
    </comp>
    <comp ref="C5">
      <value>47pF</value>
      <footprint>Capacitor_SMD:C_0805_2012Metric_Pad1.15x1.40mm_HandSolder</footprint>
      <datasheet>~</datasheet>
      <libsource lib="Device" part="C_Small" description="Unpolarized capacitor, small symbol"/>
      <sheetpath names="/" tstamps="/"/>
      <tstamp>601F9818</tstamp>
    </comp>
    <comp ref="R1">
      <value>27R</value>
      <footprint>Resistor_SMD:R_0805_2012Metric_Pad1.15x1.40mm_HandSolder</footprint>
      <datasheet>~</datasheet>
      <libsource lib="Device" part="R_Small" description="Resistor, small symbol"/>
      <sheetpath names="/" tstamps="/"/>
      <tstamp>601F9CFF</tstamp>
    </comp>
    <comp ref="R2">
      <value>27R</value>
      <footprint>Resistor_SMD:R_0805_2012Metric_Pad1.15x1.40mm_HandSolder</footprint>
      <datasheet>~</datasheet>
      <libsource lib="Device" part="R_Small" description="Resistor, small symbol"/>
      <sheetpath names="/" tstamps="/"/>
      <tstamp>601FABE3</tstamp>
    </comp>
    <comp ref="R5">
      <value>10k</value>
      <footprint>Resistor_SMD:R_0805_2012Metric_Pad1.15x1.40mm_HandSolder</footprint>
      <datasheet>~</datasheet>
      <libsource lib="Device" part="R_Small" description="Resistor, small symbol"/>
      <sheetpath names="/" tstamps="/"/>
      <tstamp>6021C0EB</tstamp>
    </comp>
    <comp ref="C12">
      <value>1uF</value>
      <footprint>Capacitor_SMD:C_0805_2012Metric_Pad1.15x1.40mm_HandSolder</footprint>
      <datasheet>~</datasheet>
      <libsource lib="Device" part="C_Small" description="Unpolarized capacitor, small symbol"/>
      <sheetpath names="/" tstamps="/"/>
      <tstamp>60220491</tstamp>
    </comp>
    <comp ref="SW1">
      <value>SW_SPST</value>
      <footprint>SamacSys_Parts:RS282G05A3SMRT</footprint>
      <datasheet>~</datasheet>
      <libsource lib="Switch" part="SW_SPST" description="Single Pole Single Throw (SPST) switch"/>
      <sheetpath names="/" tstamps="/"/>
      <tstamp>602213CB</tstamp>
    </comp>
    <comp ref="C1">
      <value>100nF</value>
      <footprint>Capacitor_SMD:C_0805_2012Metric_Pad1.15x1.40mm_HandSolder</footprint>
      <datasheet>~</datasheet>
      <libsource lib="Device" part="C_Small" description="Unpolarized capacitor, small symbol"/>
      <sheetpath names="/" tstamps="/"/>
      <tstamp>602799F9</tstamp>
    </comp>
    <comp ref="C4">
      <value>100nF</value>
      <footprint>Capacitor_SMD:C_0805_2012Metric_Pad1.15x1.40mm_HandSolder</footprint>
      <datasheet>~</datasheet>
      <libsource lib="Device" part="C_Small" description="Unpolarized capacitor, small symbol"/>
      <sheetpath names="/" tstamps="/"/>
      <tstamp>6027A01C</tstamp>
    </comp>
    <comp ref="C7">
      <value>4.7uF</value>
      <footprint>Capacitor_SMD:C_0805_2012Metric_Pad1.15x1.40mm_HandSolder</footprint>
      <datasheet>~</datasheet>
      <libsource lib="Device" part="C_Small" description="Unpolarized capacitor, small symbol"/>
      <sheetpath names="/" tstamps="/"/>
      <tstamp>6027A319</tstamp>
    </comp>
    <comp ref="Y1">
      <value>8M</value>
      <footprint>Crystal:Crystal_HC49-U_Vertical</footprint>
      <datasheet>~</datasheet>
      <libsource lib="Device" part="Crystal" description="Two pin crystal"/>
      <sheetpath names="/" tstamps="/"/>
      <tstamp>602887B5</tstamp>
    </comp>
    <comp ref="C14">
      <value>20pF</value>
      <footprint>Capacitor_SMD:C_0805_2012Metric_Pad1.15x1.40mm_HandSolder</footprint>
      <datasheet>~</datasheet>
      <libsource lib="Device" part="C_Small" description="Unpolarized capacitor, small symbol"/>
      <sheetpath names="/" tstamps="/"/>
      <tstamp>60289F69</tstamp>
    </comp>
    <comp ref="C15">
      <value>20pF</value>
      <footprint>Capacitor_SMD:C_0805_2012Metric_Pad1.15x1.40mm_HandSolder</footprint>
      <datasheet>~</datasheet>
      <libsource lib="Device" part="C_Small" description="Unpolarized capacitor, small symbol"/>
      <sheetpath names="/" tstamps="/"/>
      <tstamp>6028A40D</tstamp>
    </comp>
    <comp ref="R6">
      <value>1M</value>
      <footprint>Resistor_SMD:R_0805_2012Metric_Pad1.15x1.40mm_HandSolder</footprint>
      <datasheet>~</datasheet>
      <libsource lib="Device" part="R_Small" description="Resistor, small symbol"/>
      <sheetpath names="/" tstamps="/"/>
      <tstamp>602B3A23</tstamp>
    </comp>
    <comp ref="C2">
      <value>100nF</value>
      <footprint>Capacitor_SMD:C_0805_2012Metric_Pad1.15x1.40mm_HandSolder</footprint>
      <datasheet>~</datasheet>
      <libsource lib="Device" part="C_Small" description="Unpolarized capacitor, small symbol"/>
      <sheetpath names="/" tstamps="/"/>
      <tstamp>602EB9A3</tstamp>
    </comp>
    <comp ref="C6">
      <value>100nF</value>
      <footprint>Capacitor_SMD:C_0805_2012Metric_Pad1.15x1.40mm_HandSolder</footprint>
      <datasheet>~</datasheet>
      <libsource lib="Device" part="C_Small" description="Unpolarized capacitor, small symbol"/>
      <sheetpath names="/" tstamps="/"/>
      <tstamp>602EC442</tstamp>
    </comp>
    <comp ref="C8">
      <value>100nF</value>
      <footprint>Capacitor_SMD:C_0805_2012Metric_Pad1.15x1.40mm_HandSolder</footprint>
      <datasheet>~</datasheet>
      <libsource lib="Device" part="C_Small" description="Unpolarized capacitor, small symbol"/>
      <sheetpath names="/" tstamps="/"/>
      <tstamp>602EC577</tstamp>
    </comp>
    <comp ref="C10">
      <value>4.7uF</value>
      <footprint>Capacitor_SMD:C_0805_2012Metric_Pad1.15x1.40mm_HandSolder</footprint>
      <datasheet>~</datasheet>
      <libsource lib="Device" part="C_Small" description="Unpolarized capacitor, small symbol"/>
      <sheetpath names="/" tstamps="/"/>
      <tstamp>602EC7B3</tstamp>
    </comp>
    <comp ref="C11">
      <value>10nF</value>
      <footprint>Capacitor_SMD:C_0805_2012Metric_Pad1.15x1.40mm_HandSolder</footprint>
      <datasheet>~</datasheet>
      <libsource lib="Device" part="C_Small" description="Unpolarized capacitor, small symbol"/>
      <sheetpath names="/" tstamps="/"/>
      <tstamp>602ECCF1</tstamp>
    </comp>
    <comp ref="D1">
      <value>LED</value>
      <footprint>LED_SMD:LED_0805_2012Metric_Pad1.15x1.40mm_HandSolder</footprint>
      <datasheet>~</datasheet>
      <libsource lib="Device" part="LED" description="Light emitting diode"/>
      <sheetpath names="/" tstamps="/"/>
      <tstamp>60327AEC</tstamp>
    </comp>
    <comp ref="D2">
      <value>LED</value>
      <footprint>LED_SMD:LED_0805_2012Metric_Pad1.15x1.40mm_HandSolder</footprint>
      <datasheet>~</datasheet>
      <libsource lib="Device" part="LED" description="Light emitting diode"/>
      <sheetpath names="/" tstamps="/"/>
      <tstamp>603289D2</tstamp>
    </comp>
    <comp ref="R4">
      <value>510E</value>
      <footprint>Resistor_SMD:R_0805_2012Metric_Pad1.15x1.40mm_HandSolder</footprint>
      <datasheet>~</datasheet>
      <libsource lib="Device" part="R_Small" description="Resistor, small symbol"/>
      <sheetpath names="/" tstamps="/"/>
      <tstamp>6033543E</tstamp>
    </comp>
    <comp ref="R3">
      <value>510E</value>
      <footprint>Resistor_SMD:R_0805_2012Metric_Pad1.15x1.40mm_HandSolder</footprint>
      <datasheet>~</datasheet>
      <libsource lib="Device" part="R_Small" description="Resistor, small symbol"/>
      <sheetpath names="/" tstamps="/"/>
      <tstamp>60335B59</tstamp>
    </comp>
    <comp ref="J1">
      <value>Conn_01x20</value>
      <footprint>Connector_PinHeader_2.54mm:PinHeader_1x20_P2.54mm_Vertical</footprint>
      <datasheet>~</datasheet>
      <libsource lib="Connector_Generic" part="Conn_01x20" description="Generic connector, single row, 01x20, script generated (kicad-library-utils/schlib/autogen/connector/)"/>
      <sheetpath names="/" tstamps="/"/>
      <tstamp>603710AA</tstamp>
    </comp>
    <comp ref="J2">
      <value>Conn_01x20</value>
      <footprint>Connector_PinHeader_2.54mm:PinHeader_1x20_P2.54mm_Vertical</footprint>
      <datasheet>~</datasheet>
      <libsource lib="Connector_Generic" part="Conn_01x20" description="Generic connector, single row, 01x20, script generated (kicad-library-utils/schlib/autogen/connector/)"/>
      <sheetpath names="/" tstamps="/"/>
      <tstamp>60373879</tstamp>
    </comp>
    <comp ref="J4">
      <value>Conn_02x03_Top_Bottom</value>
      <footprint>Connector_PinHeader_2.54mm:PinHeader_2x03_P2.54mm_Vertical</footprint>
      <datasheet>~</datasheet>
      <libsource lib="Connector_Generic" part="Conn_02x03_Top_Bottom" description="Generic connector, double row, 02x03, top/bottom pin numbering scheme (row 1: 1...pins_per_row, row2: pins_per_row+1 ... num_pins), script generated (kicad-library-utils/schlib/autogen/connector/)"/>
      <sheetpath names="/" tstamps="/"/>
      <tstamp>604A82C9</tstamp>
    </comp>
  </components>
  <libparts>
    <libpart lib="Connector" part="Conn_01x04_Male">
      <description>Generic connector, single row, 01x04, script generated (kicad-library-utils/schlib/autogen/connector/)</description>
      <docs>~</docs>
      <footprints>
        <fp>Connector*:*_1x??_*</fp>
      </footprints>
      <fields>
        <field name="Reference">J</field>
        <field name="Value">Conn_01x04_Male</field>
      </fields>
      <pins>
        <pin num="1" name="Pin_1" type="passive"/>
        <pin num="2" name="Pin_2" type="passive"/>
        <pin num="3" name="Pin_3" type="passive"/>
        <pin num="4" name="Pin_4" type="passive"/>
      </pins>
    </libpart>
    <libpart lib="Connector" part="USB_B_Micro">
      <aliases>
        <alias>USB_B_Mini</alias>
      </aliases>
      <description>USB Micro Type B connector</description>
      <docs>~</docs>
      <footprints>
        <fp>USB*</fp>
      </footprints>
      <fields>
        <field name="Reference">J</field>
        <field name="Value">USB_B_Micro</field>
      </fields>
      <pins>
        <pin num="1" name="VBUS" type="power_out"/>
        <pin num="2" name="D-" type="passive"/>
        <pin num="3" name="D+" type="passive"/>
        <pin num="4" name="ID" type="passive"/>
        <pin num="5" name="GND" type="power_out"/>
        <pin num="6" name="Shield" type="passive"/>
      </pins>
    </libpart>
    <libpart lib="Connector_Generic" part="Conn_01x20">
      <description>Generic connector, single row, 01x20, script generated (kicad-library-utils/schlib/autogen/connector/)</description>
      <docs>~</docs>
      <footprints>
        <fp>Connector*:*_1x??_*</fp>
      </footprints>
      <fields>
        <field name="Reference">J</field>
        <field name="Value">Conn_01x20</field>
      </fields>
      <pins>
        <pin num="1" name="Pin_1" type="passive"/>
        <pin num="2" name="Pin_2" type="passive"/>
        <pin num="3" name="Pin_3" type="passive"/>
        <pin num="4" name="Pin_4" type="passive"/>
        <pin num="5" name="Pin_5" type="passive"/>
        <pin num="6" name="Pin_6" type="passive"/>
        <pin num="7" name="Pin_7" type="passive"/>
        <pin num="8" name="Pin_8" type="passive"/>
        <pin num="9" name="Pin_9" type="passive"/>
        <pin num="10" name="Pin_10" type="passive"/>
        <pin num="11" name="Pin_11" type="passive"/>
        <pin num="12" name="Pin_12" type="passive"/>
        <pin num="13" name="Pin_13" type="passive"/>
        <pin num="14" name="Pin_14" type="passive"/>
        <pin num="15" name="Pin_15" type="passive"/>
        <pin num="16" name="Pin_16" type="passive"/>
        <pin num="17" name="Pin_17" type="passive"/>
        <pin num="18" name="Pin_18" type="passive"/>
        <pin num="19" name="Pin_19" type="passive"/>
        <pin num="20" name="Pin_20" type="passive"/>
      </pins>
    </libpart>
    <libpart lib="Connector_Generic" part="Conn_02x03_Top_Bottom">
      <description>Generic connector, double row, 02x03, top/bottom pin numbering scheme (row 1: 1...pins_per_row, row2: pins_per_row+1 ... num_pins), script generated (kicad-library-utils/schlib/autogen/connector/)</description>
      <docs>~</docs>
      <footprints>
        <fp>Connector*:*_2x??_*</fp>
      </footprints>
      <fields>
        <field name="Reference">J</field>
        <field name="Value">Conn_02x03_Top_Bottom</field>
      </fields>
      <pins>
        <pin num="1" name="Pin_1" type="passive"/>
        <pin num="2" name="Pin_2" type="passive"/>
        <pin num="3" name="Pin_3" type="passive"/>
        <pin num="4" name="Pin_4" type="passive"/>
        <pin num="5" name="Pin_5" type="passive"/>
        <pin num="6" name="Pin_6" type="passive"/>
      </pins>
    </libpart>
    <libpart lib="Device" part="C_Small">
      <description>Unpolarized capacitor, small symbol</description>
      <docs>~</docs>
      <footprints>
        <fp>C_*</fp>
      </footprints>
      <fields>
        <field name="Reference">C</field>
        <field name="Value">C_Small</field>
      </fields>
      <pins>
        <pin num="1" name="~" type="passive"/>
        <pin num="2" name="~" type="passive"/>
      </pins>
    </libpart>
    <libpart lib="Device" part="Crystal">
      <description>Two pin crystal</description>
      <docs>~</docs>
      <footprints>
        <fp>Crystal*</fp>
      </footprints>
      <fields>
        <field name="Reference">Y</field>
        <field name="Value">Crystal</field>
      </fields>
      <pins>
        <pin num="1" name="1" type="passive"/>
        <pin num="2" name="2" type="passive"/>
      </pins>
    </libpart>
    <libpart lib="Device" part="LED">
      <description>Light emitting diode</description>
      <docs>~</docs>
      <footprints>
        <fp>LED*</fp>
        <fp>LED_SMD:*</fp>
        <fp>LED_THT:*</fp>
      </footprints>
      <fields>
        <field name="Reference">D</field>
        <field name="Value">LED</field>
      </fields>
      <pins>
        <pin num="1" name="K" type="passive"/>
        <pin num="2" name="A" type="passive"/>
      </pins>
    </libpart>
    <libpart lib="Device" part="R_Small">
      <description>Resistor, small symbol</description>
      <docs>~</docs>
      <footprints>
        <fp>R_*</fp>
      </footprints>
      <fields>
        <field name="Reference">R</field>
        <field name="Value">R_Small</field>
      </fields>
      <pins>
        <pin num="1" name="~" type="passive"/>
        <pin num="2" name="~" type="passive"/>
      </pins>
    </libpart>
    <libpart lib="Interface_USB" part="FT230XS">
      <description>Full Speed USB to Basic UART, SSOP-16</description>
      <docs>https://www.ftdichip.com/Support/Documents/DataSheets/ICs/DS_FT230X.pdf</docs>
      <footprints>
        <fp>SSOP*3.9x4.9*P0.635mm*</fp>
      </footprints>
      <fields>
        <field name="Reference">U</field>
        <field name="Value">FT230XS</field>
        <field name="Footprint">Package_SO:SSOP-16_3.9x4.9mm_P0.635mm</field>
      </fields>
      <pins>
        <pin num="1" name="TXD" type="output"/>
        <pin num="2" name="~RTS" type="output"/>
        <pin num="3" name="VCCIO" type="power_in"/>
        <pin num="4" name="RXD" type="input"/>
        <pin num="5" name="GND" type="power_in"/>
        <pin num="6" name="~CTS" type="input"/>
        <pin num="7" name="CBUS2" type="BiDi"/>
        <pin num="8" name="USBDP" type="BiDi"/>
        <pin num="9" name="USBDM" type="BiDi"/>
        <pin num="10" name="3V3OUT" type="power_out"/>
        <pin num="11" name="~RESET" type="input"/>
        <pin num="12" name="VCC" type="power_in"/>
        <pin num="13" name="GND" type="power_in"/>
        <pin num="14" name="CBUS1" type="BiDi"/>
        <pin num="15" name="CBUS0" type="BiDi"/>
        <pin num="16" name="CBUS3" type="BiDi"/>
      </pins>
    </libpart>
    <libpart lib="MCU_ST_STM32F1" part="STM32F103C8Tx">
      <aliases>
        <alias>STM32F103CBTx</alias>
      </aliases>
      <description>ARM Cortex-M3 MCU, 64KB flash, 20KB RAM, 72MHz, 2-3.6V, 37 GPIO, LQFP-48</description>
      <docs>http://www.st.com/st-web-ui/static/active/en/resource/technical/document/datasheet/CD00161566.pdf</docs>
      <footprints>
        <fp>LQFP*7x7mm*P0.5mm*</fp>
      </footprints>
      <fields>
        <field name="Reference">U</field>
        <field name="Value">STM32F103C8Tx</field>
        <field name="Footprint">Package_QFP:LQFP-48_7x7mm_P0.5mm</field>
      </fields>
      <pins>
        <pin num="1" name="VBAT" type="power_in"/>
        <pin num="2" name="PC13" type="BiDi"/>
        <pin num="3" name="PC14" type="BiDi"/>
        <pin num="4" name="PC15" type="BiDi"/>
        <pin num="5" name="PD0" type="input"/>
        <pin num="6" name="PD1" type="input"/>
        <pin num="7" name="NRST" type="input"/>
        <pin num="8" name="VSSA" type="power_in"/>
        <pin num="9" name="VDDA" type="power_in"/>
        <pin num="10" name="PA0" type="BiDi"/>
        <pin num="11" name="PA1" type="BiDi"/>
        <pin num="12" name="PA2" type="BiDi"/>
        <pin num="13" name="PA3" type="BiDi"/>
        <pin num="14" name="PA4" type="BiDi"/>
        <pin num="15" name="PA5" type="BiDi"/>
        <pin num="16" name="PA6" type="BiDi"/>
        <pin num="17" name="PA7" type="BiDi"/>
        <pin num="18" name="PB0" type="BiDi"/>
        <pin num="19" name="PB1" type="BiDi"/>
        <pin num="20" name="PB2" type="BiDi"/>
        <pin num="21" name="PB10" type="BiDi"/>
        <pin num="22" name="PB11" type="BiDi"/>
        <pin num="23" name="VSS" type="power_in"/>
        <pin num="24" name="VDD" type="power_in"/>
        <pin num="25" name="PB12" type="BiDi"/>
        <pin num="26" name="PB13" type="BiDi"/>
        <pin num="27" name="PB14" type="BiDi"/>
        <pin num="28" name="PB15" type="BiDi"/>
        <pin num="29" name="PA8" type="BiDi"/>
        <pin num="30" name="PA9" type="BiDi"/>
        <pin num="31" name="PA10" type="BiDi"/>
        <pin num="32" name="PA11" type="BiDi"/>
        <pin num="33" name="PA12" type="BiDi"/>
        <pin num="34" name="PA13" type="BiDi"/>
        <pin num="35" name="VSS" type="power_in"/>
        <pin num="36" name="VDD" type="power_in"/>
        <pin num="37" name="PA14" type="BiDi"/>
        <pin num="38" name="PA15" type="BiDi"/>
        <pin num="39" name="PB3" type="BiDi"/>
        <pin num="40" name="PB4" type="BiDi"/>
        <pin num="41" name="PB5" type="BiDi"/>
        <pin num="42" name="PB6" type="BiDi"/>
        <pin num="43" name="PB7" type="BiDi"/>
        <pin num="44" name="BOOT0" type="input"/>
        <pin num="45" name="PB8" type="BiDi"/>
        <pin num="46" name="PB9" type="BiDi"/>
        <pin num="47" name="VSS" type="power_in"/>
        <pin num="48" name="VDD" type="power_in"/>
      </pins>
    </libpart>
    <libpart lib="Regulator_Linear" part="TLV70012_SOT353">
      <aliases>
        <alias>TLV70015_SOT353</alias>
        <alias>TLV70018_SOT353</alias>
        <alias>TLV70025_SOT353</alias>
        <alias>TLV70028_SOT353</alias>
        <alias>TLV70030_SOT353</alias>
        <alias>TLV70033_SOT353</alias>
      </aliases>
      <description>200mA Low Dropout Voltage Regulator, Fixed Output 1.2V, SOT-23-5/SC-70-5/SOT-353</description>
      <docs>http://www.ti.com/lit/ds/symlink/tlv700.pdf</docs>
      <footprints>
        <fp>SOT*353*</fp>
      </footprints>
      <fields>
        <field name="Reference">U</field>
        <field name="Value">TLV70012_SOT353</field>
        <field name="Footprint">Package_TO_SOT_SMD:SOT-353_SC-70-5</field>
      </fields>
      <pins>
        <pin num="1" name="IN" type="power_in"/>
        <pin num="2" name="GND" type="power_in"/>
        <pin num="3" name="EN" type="input"/>
        <pin num="4" name="NC" type="NotConnected"/>
        <pin num="5" name="OUT" type="power_out"/>
      </pins>
    </libpart>
    <libpart lib="Switch" part="SW_SPST">
      <description>Single Pole Single Throw (SPST) switch</description>
      <docs>~</docs>
      <fields>
        <field name="Reference">SW</field>
        <field name="Value">SW_SPST</field>
      </fields>
      <pins>
        <pin num="1" name="A" type="passive"/>
        <pin num="2" name="B" type="passive"/>
      </pins>
    </libpart>
  </libparts>
  <libraries>
    <library logical="Connector">
      <uri>C:\Program Files\KiCad\share\kicad\library/Connector.lib</uri>
    </library>
    <library logical="Connector_Generic">
      <uri>C:\Program Files\KiCad\share\kicad\library/Connector_Generic.lib</uri>
    </library>
    <library logical="Device">
      <uri>C:\Program Files\KiCad\share\kicad\library/Device.lib</uri>
    </library>
    <library logical="Interface_USB">
      <uri>C:\Program Files\KiCad\share\kicad\library/Interface_USB.lib</uri>
    </library>
    <library logical="MCU_ST_STM32F1">
      <uri>C:\Program Files\KiCad\share\kicad\library/MCU_ST_STM32F1.lib</uri>
    </library>
    <library logical="Regulator_Linear">
      <uri>C:\Program Files\KiCad\share\kicad\library/Regulator_Linear.lib</uri>
    </library>
    <library logical="Switch">
      <uri>C:\Program Files\KiCad\share\kicad\library/Switch.lib</uri>
    </library>
  </libraries>
  <nets>
    <net code="1" name="GND">
      <node ref="U3" pin="2"/>
      <node ref="J3" pin="5"/>
      <node ref="J3" pin="6"/>
      <node ref="U1" pin="23"/>
      <node ref="U1" pin="35"/>
      <node ref="U1" pin="47"/>
      <node ref="U1" pin="8"/>
      <node ref="J4" pin="3"/>
      <node ref="C2" pin="2"/>
      <node ref="C6" pin="2"/>
      <node ref="C8" pin="2"/>
      <node ref="C10" pin="2"/>
      <node ref="J4" pin="6"/>
      <node ref="J2" pin="2"/>
      <node ref="J5" pin="1"/>
      <node ref="U2" pin="13"/>
      <node ref="C13" pin="2"/>
      <node ref="C16" pin="2"/>
      <node ref="C3" pin="2"/>
      <node ref="C5" pin="2"/>
      <node ref="U2" pin="5"/>
      <node ref="C9" pin="2"/>
      <node ref="C1" pin="2"/>
      <node ref="C12" pin="2"/>
      <node ref="SW1" pin="1"/>
      <node ref="C7" pin="2"/>
      <node ref="J1" pin="19"/>
      <node ref="C4" pin="2"/>
      <node ref="J1" pin="20"/>
      <node ref="R4" pin="1"/>
      <node ref="C15" pin="2"/>
      <node ref="C14" pin="2"/>
      <node ref="C11" pin="2"/>
    </net>
    <net code="2" name="Net-(D2-Pad1)">
      <node ref="R4" pin="2"/>
      <node ref="D2" pin="1"/>
    </net>
    <net code="3" name="/PA6">
      <node ref="J1" pin="11"/>
      <node ref="U1" pin="16"/>
    </net>
    <net code="4" name="/PA7">
      <node ref="U1" pin="17"/>
      <node ref="J1" pin="12"/>
    </net>
    <net code="5" name="/PB0">
      <node ref="J1" pin="13"/>
      <node ref="U1" pin="18"/>
    </net>
    <net code="6" name="/PB1">
      <node ref="U1" pin="19"/>
      <node ref="J1" pin="14"/>
    </net>
    <net code="7" name="/PB10">
      <node ref="J1" pin="15"/>
      <node ref="U1" pin="21"/>
    </net>
    <net code="8" name="/PB11">
      <node ref="U1" pin="22"/>
      <node ref="J1" pin="16"/>
    </net>
    <net code="9" name="/RESET">
      <node ref="U1" pin="7"/>
      <node ref="J1" pin="17"/>
      <node ref="C12" pin="1"/>
      <node ref="R5" pin="1"/>
      <node ref="SW1" pin="2"/>
    </net>
    <net code="10" name="/PA5">
      <node ref="J1" pin="10"/>
      <node ref="U1" pin="15"/>
    </net>
    <net code="11" name="/PC14">
      <node ref="U1" pin="3"/>
      <node ref="J1" pin="3"/>
    </net>
    <net code="12" name="/PC15">
      <node ref="J1" pin="4"/>
      <node ref="U1" pin="4"/>
    </net>
    <net code="13" name="/PA0">
      <node ref="J1" pin="5"/>
      <node ref="U1" pin="10"/>
    </net>
    <net code="14" name="/PA1">
      <node ref="U1" pin="11"/>
      <node ref="J1" pin="6"/>
    </net>
    <net code="15" name="/PA2">
      <node ref="U1" pin="12"/>
      <node ref="J1" pin="7"/>
    </net>
    <net code="16" name="Net-(D1-Pad1)">
      <node ref="D1" pin="1"/>
      <node ref="R3" pin="2"/>
    </net>
    <net code="17" name="/PC13">
      <node ref="U1" pin="2"/>
      <node ref="J1" pin="2"/>
      <node ref="R3" pin="1"/>
    </net>
    <net code="18" name="+3V3">
      <node ref="J1" pin="1"/>
      <node ref="D1" pin="2"/>
      <node ref="C11" pin="1"/>
      <node ref="U3" pin="5"/>
      <node ref="C1" pin="1"/>
      <node ref="C16" pin="1"/>
      <node ref="R5" pin="2"/>
      <node ref="J1" pin="18"/>
      <node ref="U2" pin="12"/>
      <node ref="U1" pin="9"/>
      <node ref="U1" pin="1"/>
      <node ref="U1" pin="24"/>
      <node ref="U1" pin="36"/>
      <node ref="U1" pin="48"/>
      <node ref="D2" pin="2"/>
      <node ref="C10" pin="1"/>
      <node ref="C4" pin="1"/>
      <node ref="J2" pin="1"/>
      <node ref="J4" pin="4"/>
      <node ref="J4" pin="1"/>
      <node ref="C7" pin="1"/>
      <node ref="C8" pin="1"/>
      <node ref="C6" pin="1"/>
      <node ref="C2" pin="1"/>
      <node ref="J5" pin="4"/>
    </net>
    <net code="19" name="/OSCOUT">
      <node ref="C15" pin="1"/>
      <node ref="R6" pin="1"/>
      <node ref="Y1" pin="2"/>
      <node ref="U1" pin="6"/>
    </net>
    <net code="20" name="/OSCIN">
      <node ref="R6" pin="2"/>
      <node ref="U1" pin="5"/>
      <node ref="Y1" pin="1"/>
      <node ref="C14" pin="1"/>
    </net>
    <net code="21" name="/PA3">
      <node ref="J1" pin="8"/>
      <node ref="U1" pin="13"/>
    </net>
    <net code="22" name="+5V">
      <node ref="C13" pin="1"/>
      <node ref="J2" pin="3"/>
      <node ref="U3" pin="1"/>
      <node ref="U3" pin="3"/>
      <node ref="J3" pin="1"/>
    </net>
    <net code="23" name="/PB7">
      <node ref="J2" pin="6"/>
      <node ref="U1" pin="43"/>
    </net>
    <net code="24" name="/PB6">
      <node ref="J2" pin="7"/>
      <node ref="U1" pin="42"/>
    </net>
    <net code="25" name="/PB5">
      <node ref="J2" pin="8"/>
      <node ref="U1" pin="41"/>
    </net>
    <net code="26" name="/PB4">
      <node ref="J2" pin="9"/>
      <node ref="U1" pin="40"/>
    </net>
    <net code="27" name="/PB8">
      <node ref="U1" pin="45"/>
      <node ref="J2" pin="5"/>
    </net>
    <net code="28" name="/PA8">
      <node ref="U1" pin="29"/>
      <node ref="J2" pin="16"/>
    </net>
    <net code="29" name="/PA4">
      <node ref="J1" pin="9"/>
      <node ref="U1" pin="14"/>
    </net>
    <net code="30" name="/PB3">
      <node ref="U1" pin="39"/>
      <node ref="J2" pin="10"/>
    </net>
    <net code="31" name="/PA15">
      <node ref="U1" pin="38"/>
      <node ref="J2" pin="11"/>
    </net>
    <net code="32" name="/PA12">
      <node ref="J2" pin="12"/>
      <node ref="U1" pin="33"/>
    </net>
    <net code="33" name="/PA11">
      <node ref="U1" pin="32"/>
      <node ref="J2" pin="13"/>
    </net>
    <net code="34" name="/TXD_USB">
      <node ref="U1" pin="31"/>
      <node ref="U2" pin="1"/>
      <node ref="J2" pin="14"/>
    </net>
    <net code="35" name="/RXD_USB">
      <node ref="J2" pin="15"/>
      <node ref="U1" pin="30"/>
      <node ref="U2" pin="4"/>
    </net>
    <net code="36" name="/PB15">
      <node ref="J2" pin="17"/>
      <node ref="U1" pin="28"/>
    </net>
    <net code="37" name="/PB14">
      <node ref="J2" pin="18"/>
      <node ref="U1" pin="27"/>
    </net>
    <net code="38" name="/PB13">
      <node ref="U1" pin="26"/>
      <node ref="J2" pin="19"/>
    </net>
    <net code="39" name="/PB12">
      <node ref="U1" pin="25"/>
      <node ref="J2" pin="20"/>
    </net>
    <net code="40" name="/PB9">
      <node ref="U1" pin="46"/>
      <node ref="J2" pin="4"/>
    </net>
    <net code="41" name="/BOOT1">
      <node ref="U1" pin="20"/>
      <node ref="J4" pin="5"/>
    </net>
    <net code="42" name="/SWDIO">
      <node ref="J5" pin="3"/>
      <node ref="U1" pin="34"/>
    </net>
    <net code="43" name="/SWCLK">
      <node ref="U1" pin="37"/>
      <node ref="J5" pin="2"/>
    </net>
    <net code="44" name="Net-(J3-Pad4)">
      <node ref="J3" pin="4"/>
    </net>
    <net code="45" name="Net-(U3-Pad4)">
      <node ref="U3" pin="4"/>
    </net>
    <net code="46" name="/USB_D+">
      <node ref="R2" pin="2"/>
      <node ref="C5" pin="1"/>
      <node ref="J3" pin="3"/>
    </net>
    <net code="47" name="/USB_D-">
      <node ref="R1" pin="2"/>
      <node ref="C3" pin="1"/>
      <node ref="J3" pin="2"/>
    </net>
    <net code="48" name="/BOOT0">
      <node ref="U1" pin="44"/>
      <node ref="J4" pin="2"/>
    </net>
    <net code="49" name="Net-(R1-Pad1)">
      <node ref="R1" pin="1"/>
      <node ref="U2" pin="9"/>
    </net>
    <net code="50" name="Net-(R2-Pad1)">
      <node ref="R2" pin="1"/>
      <node ref="U2" pin="8"/>
    </net>
    <net code="51" name="Net-(U2-Pad14)">
      <node ref="U2" pin="14"/>
    </net>
    <net code="52" name="Net-(U2-Pad15)">
      <node ref="U2" pin="15"/>
    </net>
    <net code="53" name="Net-(U2-Pad16)">
      <node ref="U2" pin="16"/>
    </net>
    <net code="54" name="Net-(U2-Pad2)">
      <node ref="U2" pin="2"/>
    </net>
    <net code="55" name="Net-(C9-Pad1)">
      <node ref="C9" pin="1"/>
      <node ref="U2" pin="11"/>
      <node ref="U2" pin="10"/>
      <node ref="U2" pin="3"/>
    </net>
    <net code="56" name="Net-(U2-Pad6)">
      <node ref="U2" pin="6"/>
    </net>
    <net code="57" name="Net-(U2-Pad7)">
      <node ref="U2" pin="7"/>
    </net>
  </nets>
</export>
