"Id";"Designator";"Package";"Quantity";"Designation";"Supplier and ref";
1;"J1,J2";"PinHeader_1x20_P2.54mm_Vertical";2;"Conn_01x20";;;
2;"SW1";"RS282G05A3SMRT";1;"SW_SPST";;;
3;"J4";"PinHeader_2x03_P2.54mm_Vertical";1;"Conn_02x03_Top_Bottom";;;
4;"C1,C2,C4,C6,C8,C9";"C_0805_2012Metric_Pad1.15x1.40mm_HandSolder";6;"100nF";;;
5;"C3,C5";"C_0805_2012Metric_Pad1.15x1.40mm_HandSolder";2;"47pF";;;
6;"C7,C10";"C_0805_2012Metric_Pad1.15x1.40mm_HandSolder";2;"4.7uF";;;
7;"C11";"C_0805_2012Metric_Pad1.15x1.40mm_HandSolder";1;"10nF";;;
8;"C12,C13,C16";"C_0805_2012Metric_Pad1.15x1.40mm_HandSolder";3;"1uF";;;
9;"C14,C15";"C_0805_2012Metric_Pad1.15x1.40mm_HandSolder";2;"20pF";;;
10;"D1,D2";"LED_0805_2012Metric_Pad1.15x1.40mm_HandSolder";2;"LED";;;
11;"J3";"USB_Micro-B_Wuerth_629105150521";1;"USB_B_Micro";;;
12;"J5";"PinHeader_1x04_P2.54mm_Vertical";1;"Conn_01x04_Male";;;
13;"R1,R2";"R_0805_2012Metric_Pad1.15x1.40mm_HandSolder";2;"27R";;;
14;"R3,R4";"R_0805_2012Metric_Pad1.15x1.40mm_HandSolder";2;"510E";;;
15;"R5";"R_0805_2012Metric_Pad1.15x1.40mm_HandSolder";1;"10k";;;
16;"R6";"R_0805_2012Metric_Pad1.15x1.40mm_HandSolder";1;"1M";;;
17;"U1";"LQFP-48_7x7mm_P0.5mm";1;"STM32F103C8Tx";;;
18;"U2";"SSOP-16_3.9x4.9mm_P0.635mm";1;"FT230XS";;;
19;"U3";"SOT-353_SC-70-5_Handsoldering";1;"TLV70033_SOT353";;;
20;"Y1";"Crystal_HC49-U_Vertical";1;"8M";;;
